answer;question
o;秋天是北京一年中最美好的季节。
o;他是一位有着 30 多年教龄的老教师。
o;做一件事情，只要开始行动，就算获得了一半的成功。
x;婺源是属于南宋著名学者朱熹的故里和中国铁路之父詹天佑的家乡。
x;天凉了，你要穿多点儿衣服。
o;老师的鼓励，使他信心大增。
o;昨天睡得很晚，所以第二天 9 点多我才醒来。
o;为防止在野外活动中迷路，你必须掌握定位和测向方法。
o;在家人的照顾下，他很快恢复了健康。
o;保持好的心情，关键是要有一个好的心态。
o;商业广告显然不同于公益广告，因为它带有明显的功利色彩。
x;为了防止今后不再发生类似的事件，有关部门及时完善了管理措施。
o;权力没有制约，必然会产生腐败。
o;不是每一次努力都会有收获，但是每一次收获都需要努力。
x;两个人在一起，遇到事至少可以商量商量一下，总比一个人好。
o;我是电影评论专业的一名研究生，去年一年我一共看了206部电影。
o;东西方在饮食习惯上存在着较大的差异。
x;18 世纪以后，世界人口的增长速度才加快明显起来。
o;经过几次搬迁之后，我们一家人终于在南京定居下来了。
o;一个十几岁的孩子能写出这样的文章来，简直令人难以相信。
x;有些电脑设计得很小巧，甚至可以放一个很薄的文件袋里。
o;快乐有助于长寿，有助于增加食欲，有助于提高工作效率。
o;草原上的天气变幻莫测，刚刚还是晴空万里，转眼间便乌云密布了。
o;重新认识农业，开拓农业新的领域，已成为当今世界农业发展的新趋势。
o;时间能抚平心灵的伤痛，因此人们常说时间是最好的医生。
o;能够了解社会各阶层的人物，对一个作家来说是极好的机会。
x;人们居住在地球上，是一块天然的大磁体，在南北两极有两个磁极。
o;生活就像一场旅行，不在乎目的地，而在乎沿途的风景和看风景的心情。
o;大约在公元 11 世纪宋朝的时候，人们开始玩一种叫做“蹴鞠”的游戏，它很像现代的足球。
o;骆驼最耐旱，它喝一次水后，可以几天几夜不喝水，行走如常，人们称之为“沙漠之舟”。
x;父亲经常说，美术教育的目的，是学生对每一种平凡的事物，都能有美的感触，都能欣赏到美。
o;金子可能就埋在你的脚下，就在离你不远处闪烁着诱人的光芒，关键在于，你有没有善于发现金子的眼光。
o;人人都需要关爱，关爱能增近两个人的感情，拉近两个人的距离。但是，这种关爱的前提是适度。
o;人们在财务困境中挣扎的一个原因是：他们在学校里学习多年，却没有学到任何关于金钱方面的知识。
o;1940 年 11 月 27 日出生的李小龙，虽然不是最早进入好莱坞的华人，却是最早成为国际巨星的功夫演员。
x;作为一名翻译工作者，一方面要努力学好外语，一方面要学好本民族语言也是非常重要的，两者缺一不可。
o;人应该善待自己，善待自己的最好方法是善待别人，善待别人的最好方法是宽容别人。
o;读了大半辈子书，倘若有人问我怎么选择一本书，我一定会毫不犹豫地回答：快乐是基本标准。
o;即将建成的水库，不仅能促进本地区工农业的发展，改善航运条件，而且还能起到防洪供水、调节气候的作用。
x;大禹治水的故事家喻户晓，但人们多是把大禹看做一个治水的英雄，实际上大禹最大的功能是，他是中国第一个民族国家——夏王朝的奠基人。
x;指南针是中国古代的四大发明。
o;这并不是一件什么大不了的事情，却很令我感动。
o;北斗七星由 7 颗星组成，连在一起时形状像一个勺子。
o;许多国家的人口统计显示，女性的平均寿命通常要比男性长5至10年。
o;孟子名柯，是继孔子之后的又一位儒学大师。
o;上海车展逢单年举办，与逢双年举办的北京车展南北辉映。
x;他们俩是在地下通道结识的，共同的爱好使他们决定一起合作成功。
o;每座城市都有它的文化记忆，这种记忆在老建筑上体现得尤为明显。
o;他再三叮嘱我要为他保守秘密。
x;在训练过程中，他为年轻队员们做好了带头作用。
o;每个人都有选择自己生活道路，决定自己生活方式的权利。
o;每到农历新年时，小孩子们都期盼着得到长辈们给的压岁钱。
o;在标准大气压下，气温低于 0℃时，水就会结成冰。
o;实际上，世上没有绝望的处境，只有对处境绝望的人。
o;在李大钊短暂的一生中，其言其行，都饱含着深沉的爱国情怀。
x;多读好书，就像和充满智慧的人聊天一样，可以丰富和提高我们的知识。
o;穿衣服不必一味追求名牌，但一定要注意搭配。
o;美酒配佳肴，古来有之，酒是节日餐桌上的必备品。
x;这是我同事小李的女儿，不仅年纪小，而且非常懂事。
o;这场雨断断续续一直下到第二天上午9点左右才结束。
x;因为身上没带多少钱，所以他今天在书店里只买了两本书籍。
o;李白是中国唐代伟大的浪漫主义诗人，被后人尊称为“诗仙”。
o;瑜伽进入中国已有多年，人们对于瑜伽的认识却仍然存在误区。
o;年画是祈福迎新的民间工艺品，承载了人们对未来的美好憧憬。
o;女人因为可爱而更美丽，因为成熟而更有魅力。
o;希望能带给人们无穷的力量，激励他们去克服困难。
x;别等他了，他这两天挺忙的，他今天估计一定不会来。
o;秋冬是流感高发季节，接种流感疫苗是预防流感最为有效的措施。
o;在千家万户的欢声笑语中，在千言万语的祝福声中，我们迎来了兔年春节。
o;网络语言，顾名思义，就是由网民创造，在网络上流行的语言，是网民约定俗成的表达方式。
o;对联，俗称对子，上下两联对仗工整，平仄协调，是中国特有的一种语言艺术，被国务院列入国家非物质文化遗产。
x;许多人一生都在等待一个可以改变他命运的机会。事实上，机会无所不在，而关键在于，当机会出现时，你已经是否准备好了。
x;正是这样的艰苦环境，磨炼了他的意志，使他从一个天真的孩子阶段成长为一个男子汉。
o;走进乌镇，走在那用青石板铺成的街道上，看着两边的民居和乡民，我感到格外亲切。
o;相比两个月前，他的身体状况有了很大的改善，他对自己这段时间的恢复情况还是十分满意的。
o;“世博会”被誉为世界经济、科技、文化的“奥林匹克”盛会，其特点是举办时间长、展出规模大、参展国家多、影响深远。
x;一个有生活情趣的人，是能够不断发现生活中的新乐趣，并且分享和感染身边其他人。
o;一杯清水会因滴入一滴污水而变得污浊，一杯污水却不会因一滴清水的存在而变清澈。
o;战斗机是一种主要用于与其他飞机进行作战的军用飞机，具有体积小、飞行速度快、机动性强等特点。
o;情侣之间产生争执的主要原因，是他们把爱当成一把雕刻刀，时时刻刻都想用这把刀把对方塑造得符合自己心中的理想。
o;回答问题之前，每个人有两分钟的准备时间。
o;一口健康洁白的牙齿，可以让你的笑容更迷人。
o;百余年来，外滩一直被世人看成是上海的象征。
x;顾虑太多，犹豫不决，就容易把机会从手中溜走。
o;当你遇到困难时，你要善于寻求帮助。
x;中国是扇子的故乡，在中国有着悠久的历史。
o;30 年里，他不停地用相机拍摄，记录了整个城市的变迁。
o;清代家具讲究精雕细刻，在雕梁画栋中融入了民间故事、神话传说。
o;这个网站我怎么也打不开，总是显示该网站无法访问。
o;时间是治疗心灵创伤的大师，但绝不是解决问题的高手。
o;“有谁愿意出价一万元买下这幅画吗？”拍卖师举槌问道。
x;这一天的活动是同学们这段时间最紧张、最愉快也是最有意义的一天。
x;昨天我从火车站出来的时候，天下了大雨。
o;鲸的体形像鱼，但却是用肺呼吸、胎生的哺乳动物。
o;伤害人的话语就像泼出去的水，一旦说出就永远无法收回。
o;有个成语叫“熟能生巧”，这里的“巧”其实就是不断重复练习的结果。
o;建造这个博物馆所需的经费是由他一个人筹集的。
o;这是我明天大会上的讲话提纲，想请你帮我修改修改。
o;山西汾酒是清香型白酒的典型代表，工艺精湛，源远流长。
x;他很有魅力，我每次看到他的时候都保持着他那独特的微笑。
o;要成功，需要朋友；要取得巨大的成功，需要敌人。
o;“打雪仗”历来是北方孩子冬季一项必不可少的活动。
o;帆布鞋以其轻便、耐穿、价格低廉而广受世界各地消费者的欢迎。
x;运动前要做好准备活动，特别是剧烈运动前要让膝关节一定充分活动。
o;绿豆汤有清热解毒、止渴消暑的功效。
o;饥饿能让本来不怎么好吃的东西变得很可口。
o;生活中，你会遇到各种各样的人，不要希望与每个人都能合拍。
x;至少在周代，饮食礼仪已形成一套相当完善的制度一直传承到现代。
o;包头剪纸有着别样的塞上风情，被称为“一部活着的中西部草原文化发展的史书”。
x;吐鲁番地处新疆天山东部的山间盆地，干燥少雨，日照充足，这里生长的水果格外甜蜜。
o;歇后语由两个部分构成，前半部分是形象的比喻，像谜面；后半部分是解释、说明，像谜底。
o;有了动物的存在，整个地球才充满生机；有了动物的陪伴，人类在浩瀚的宇宙中才不觉得孤独。
o;想卖出去一件商品，最好的办法可能是在它旁边摆上比它贵很多的同类产品。
o;俗话说“天生我材必有用”，每个人身上都有巨大的潜能，只是很多人不知道罢了。
o;汉高祖刘邦被誉为中国历史上最具传奇色彩的皇帝之一，“草根也能当皇上”的奇迹，就是从他开始创造的。
x;宝宝的口味跟成人的口味有着很大的差异，于是给宝宝烹调食物时一定要符合他的口味，做到色香味俱全，并且要经常花样翻新。
o;由于宋代官窑瓷器的私密性、非商品化生产等特点，宋代官窑瓷器在今天极其罕见。
x;所有物体之间都有引力，而一个物体的质量越大，它对别的物体的引力就会越来越大。
o;文物分析鉴定最古老、最传统的做法是目视法，即靠鉴定人员日积月累的经验来判断文物真伪和品质的方法。
o;银杏树生长较慢，从栽种到结果要20多年，40年后才能大量结果。山东有一棵大银杏树，相传是商代种植的，已有3500多年历史了。
o;不求与人相比，但求超越自己。
x;和观察新事物比起来，去观察用新的眼光更重要。
o;春联的“福”字一般要倒着贴，以表达“福到了”的美好愿望。
o;“书到用时方恨少”，平常若不充实学问，临时抱佛脚是来不及的。
o;生气是用别人的过错来惩罚自己。
o;世上只有想不通的人，没有走不通的路。
o;有时候，同样一件事情，我们可以去安慰别人，却说服不了自己。
x;人类的历史发展过程中，就是各种文明不断交流、融合、创新的过程。
x;他长得很身强力壮，个子大概在一米八五左右。
o;随着机票价格的下调，国内旅游线路的价格也跟着便宜了许多。
o;黄河是中华民族最主要的发源地之一，所以中国人称其为“母亲河”。
o;张家口生态资源富集，地形地貌独特，是旅游爱好者心目中的旅游胜地。
o;这座房子已经有 100 多年的历史了。
o;人离不开盐，盐是调味品，更是生命的必需品。
x;信阳毛尖香气清新，畅销全国，是中国十大名茶。
o;运气也许能使你抵达顶峰，但它不能使你永远呆在那儿。
o;雪梨味甘性寒，具清热化痰之功效，特别适合秋天食用。
o;能否处理好自己与他人的关系，往往是人们取得成功的关键。
x;他没来北京前，曾在一家省电视台做过一段时间的主持娱乐节目。
o;失败并不意味着你浪费了时间和生命，而是让你有理由重新开始。
o;只要朋友们找他帮忙，他总是满口答应。
o;要想接受新事物，我们必须先去除自己的成见。
x;当你用一根手指指着别人时，别忘了，而且三根指头指着自己。
o;“芝麻开花——节节高”是一句歇后语，意指事业或学业越来越好。
o;我们追求的常常不是幸福，而是“比别人幸福”。
o;在《三国演义》中，诸葛亮用智慧书写了人间传奇。
x;人的潜能是无限的，关键是要找到一个机会能充分发挥潜能的舞台。
o;阅读可以使学生开阔视野、增长见识，对学生的成长有着重要的影响。
x;花生含脂肪较多，人体对其消化吸收缓慢，大量生吃会引起产生消化不良。
o;每逢端午节，中国许多地方都有吃粽子、赛龙舟等习俗，以纪念伟大的爱国诗人屈原。
o;京杭大运河全长 1794 公里，是中国重要的南北水上干线，也是世界上最长的一条人工运河。
o;有研究表明，说话者触摸鼻子，意味着他在掩饰自己的谎话；聆听者做这个手势则说明他对说话者的话语表示怀疑。
o;市气象台预测，此次沙尘天气持续时间不会太长，明天风力减小后，天气就会转晴。
o;子曰：“知之为知之，不知为不知。”不懂没关系，可以慢慢学，千万不要不懂装懂。
o;中国的建筑，从古代的宫殿到近代的住房，绝大部分都是对称的，左边怎么样，右边也怎么样。
x;“五岳归来不看山，黄山归来不看岳。”黄山是天下名山中的极品，磅礴的日出、华丽的晚霞、壮观的云海，都能送给你无与伦比的享受。
o;“小李杜”指唐代诗人李商隐和杜牧，他们为晚唐业已没落的诗坛注入了新的生气和活力。
o;当你比别人强一点儿的时候，别人会嫉妒你；当你比他强太多的时候，他就只有敬佩的份儿了。
x;福州温泉的数量之多、水质之佳，在中国大中城市中是独一无二的，简直获得了“福州温泉甲东南”的美誉。
o;人最悲哀的，并不是昨天失去得太多，而是沉浸于昨天的痛苦之中；人最愚蠢的，并不是没有发现眼前的陷阱，而是第二次又掉了进去。
o;漫画是人们喜闻乐见的一种艺术形式。
x;雨下得非常大，他身上的衣服基本上完全湿透了。
o;虽说已经是春天了，但三月的北京仍然可能下雪。
o;三亚旅游资源得天独厚，是海南省风景名胜最多的地方。
o;许多人缺少的不是美，而是自信的气质。
o;天空中没有留下鸟的痕迹，但我已经飞过。
x;请把电视机的声音开一点儿小，不要打扰到其他人。
o;世事变迁，这座小城早已不是儿时记忆中的那个模样了。
o;有时候，清醒的头脑比聪明的头脑更重要。
o;这次会议，每人的发言时间不能超过 30 分钟。
x;祖冲之从小很早就对天文学和数学产生了浓厚的兴趣。
o;关于汉字的起源，中国有一个古老的传说，那就是“仓颉造字”。
x;大自然的许多奥妙是与人生的某些现象相似之处的。
o;每逢月末，学校的话剧团都会在这个礼堂里举办演出。
o;如果朋友让你生气，那正说明你仍然很在意他的友情。
o;有人说：真正的财富是健康的身体、简单的生活和愉悦的心情。
x;截止下午 5 点，入园参观人数已超过 15 万。
o;秦朝统一了货币、度量衡、文字，这对后世影响极大。
o;战国时期，民间开始流行举鼎，这应该算是最早的举重运动了。
o;几十年来，他一直从事文学创作，他的许多作品都深受读者欢迎。
o;那位老人内心平和，脸上带着婴儿般天真的微笑。
o;人在情绪低落的时候，适当吃些甜食，会让自己的心情好起来。
x;现在放弃等于半途而废，这意味着我们所做的努力之前都白费了。
o;一个人的穿着打扮、行为举止一定程度上反映了他的身份、地位和气质。
o;保持谦虚的态度，可以让我们学到更多的东西。
o;错过太阳的时候，如果你在哭泣，那你还会错过星星。
o;有一个成语人们常常说起，又常常忘记，那就是知足常乐。
x;春秋时候，越国有个名字西施的姑娘，她非常漂亮，一举一动都很动人。
x;研究表明，和夏天相比，冬天人们更容易回到集体之中，从事一些群体性活动的季节。
o;积极的完美主义者会鼓励别人不断进步，而消极的完美主义者则会不断对别人提出批评。
o;到 20 世纪 50 年代，地理学家们才用先进的技术测绘出海底世界，从而为人们展现了海底真实的状态。
o;麋鹿是中国特有的动物，因为“角似鹿非鹿、面似马非马、尾似驴非驴、蹄似牛非牛”，所以被俗称为“四不像”。
o;机会就像一扇迅速旋转的门，当那个空当转到你面前时，你必须迅速地挤进去。
o;一般来说，用清明前后采摘的茶叶嫩芽所制作的茶叶质量最佳，属于茶中的珍品。
o;在练习舞蹈的过程中，由于舞蹈动作连贯、有韵律，因此舞者常常会感到身心得到了极大的放松。
x;伟人之所以伟大，是因为当他与别人共处逆境时，别人已经失去了信心，何况他却下定决心要实现自己的目标。
o;越剧长于抒情，以唱为主，声腔优美动听，表演真切动人，极具江南灵秀之气。
o;从 1898 年成立京师大学堂至今，中国的现代高等教育已经走过了 110 多年的历史。
o;早在一个多世纪以前的科幻小说里，人类就开始在火星上散步了，然而直到今天，它仍然还只是科幻。
x;“蝴蝶效应”是指在一个动力系统中，初始条件下微小的变化会整个系统带来长期、巨大的连锁反应。
o;幸福是需要分享的，而痛苦是需要分担的。
x;能否保持谦虚的态度，可以让我们学到更多东西。
o;闻过则喜，能够坦然接受批评，是自信的一个突出标志。
o;如果一个人不知道他要驶向哪个码头，那么任何风都不会是顺风。
o;越是成熟的稻穗，越懂得弯腰。
x;我父亲热情好客，家里经常来客人很多。
o;下面我们有请王校长来给获奖选手颁发荣誉证书。
o;这本书是去年年底出版的，现在销量已达300万册。
o;他在这部戏中扮演的是一个反面角色。
o;狡猾和聪明的差距体现在道德上，而非智力上。
x;先行一步，也许是冒险，所以谁敢说冒险不是一种成功的契机？
o;蝶泳是游泳项目之一，从泳姿上看好像蝴蝶展翅飞舞，所以称为“蝶泳”。
x;一个人的伟大之处在于他能够意味着自己的渺小。
o;戒指是一种装饰品，它戴在哪根手指上代表着不同的意思。
o;洋流是地球表面热环境的主要调节者，它可以分为暖流和寒流。
o;经过20年的发展，他们的分公司已经遍布全球100多个国家和地区。
o;鲸鱼其实不是鱼，而是生活在海里的一种巨型哺乳动物。
o;陕西历史博物馆以其丰富的文物藏品，被誉为“华夏宝库”。
x;大麦茶是将大麦炒制后再经过沸煮，喝起来有一股浓浓的麦香味。
o;普洱茶，属于黑茶，因产地旧属云南普洱府（今普洱市），故得名。
o;若要躲避燃烧的痛苦，火柴一生都将黯淡无光。
o;这个世界上，没有比人更高的山，没有比心更宽的海。
o;八达岭长城位于北京延庆，是明长城最具代表性的一段。
x;虽然我在报社实习了一年的经验，但并不是说我就会进媒体这个行业。
o;快乐的人不是没有痛苦，而是不会被痛苦所左右。
o;九寨沟有“童话世界”的美称，已被列入世界遗产名录。
o;一个人的财富不是他口袋里有多少钱，而是他脑袋里有多少知识。
x;有时候，恰恰是那些带给你烦恼和不幸的人在促使地你不断地前进。
o;这本书讲述了东汉开国皇帝刘秀从一个底层农民成为天下雄主的传奇经历。
o;人生可以没有很多东西，却唯独不能没有希望。有希望之处，生命就会生生不息。
x;人一旦记住的事情，要几乎遗忘是不可能的；看似遗忘的事情，其实只是被锁在记忆的深处罢了。
o;奋斗令我们的生活充满生机，责任让我们的生命充满意义，常遇困境说明你在进步，常有压力说明你有目标。
o;要了解一个人，不妨看他读些什么书，这跟观察与他来往的朋友一样有效。
x;人生就是一场旅行，不在乎目的地，在乎的而是沿途的风景以及看风景的心情。
o;老舍一生创作了许多脍炙人口的文学作品，如《四世同堂》《骆驼祥子》《茶馆》《龙须沟》等。
o;三角洲是河流流入海洋或湖泊时，因流速减慢，所携带的泥沙大量沉积，逐渐发展成的冲积平原。因为从平面上看像一个三角形，所以叫三角洲。
o;“单木不成林”是说一棵树成不了一座森林，只有一个人也没有办法做成大事。
o;人生的最大遗憾，莫过于轻易地放弃了不该放弃的，固执地坚持了不该坚持的。
o;“妥协”二字的珍贵之处，不在于我们放弃了什么，而在于我们坚持了什么，哪怕只坚持了一点点。
x;有些网站可以免费申请个人主页的功能，这样，只要你将自己的信息放在网上，全世界的人都可以了解你了。
o;春风吹来，树枝摇曳着，发出沙沙的声响。
x;过了一会儿，汽车突然渐渐地放慢了速度。
o;值此新春佳节之际，祝大家新年快乐，万事如意！
o;经科学家观测，木星绕太阳公转一周大约需要12年。
x;这种不爱惜劳动成果，任意浪费是可耻的。
o;在工作人员的引导下，代表们陆续走进会场。
o;按照他给我的地址，我顺利地找到了那位母亲。
o;他站在那里一动不动，静静地听着那美妙的琴声。
o;如果您不想继续收到此类邮件，请点击退订。
o;烈日似火，大地像蒸笼一样，热得使人喘不过气来。
x;时间就像海绵里的水，要不然你愿意挤，总是有的。
o;心中装满自己看法与想法的人，永远听不见别人的心声。
o;人生重要的不是所站的位置，而是所朝的方向。
x;秦始皇陵兵马俑凝聚了世界各地慕名而来的参观者。
o;既然你这么在乎这次机会，那就应该尽全力做好准备。
o;说到河南，有一个地方不能不提，那就是“七朝古都”开封。
o;这部电视剧是根据曹禺的剧本《雷雨》改编的。
o;赤壁之战是中国历史上有名的以少胜多的战例。
x;夜深人静，想起明天发生的一连串事情，我怎么也睡不着。
o;宋代女词人李清照才思敏捷，一生留下了许多作品，有的堪称千古绝唱。
o;如果不能正确分析失败的原因，做再多的努力也于事无补。
o;只会幻想而不行动的人，永远也体会不到收获果实时的喜悦。
x;“鸡蛋里挑骨头”常用来被形容一个人无中生有，故意挑别人毛病。
o;面对同样的夜空，悲观者看到的是沉沉黑夜，乐观者看到的是满天繁星。
o;打哈欠有助于放松眼部肌肉，促进眼部血液循环。
o;栀子花芳香素雅，叶子四季常绿，是重要的庭院观赏植物。
x;茶树菇，民间称为“神菇”的美誉，是高蛋白、低脂肪的纯天然食用菌。
o;竹叶青是种常见的毒蛇，身体是绿色的，常吊挂或盘绕在溪边的树枝上。
o;昨天是一张废弃了的支票，明天是一笔尚未到期的存款，只有今天是你可以支配的现金。
x;双面绣《猫》是苏绣的代表作之一，不管从正面看还是从反面看，小猫的神态都能看到调皮、活泼。
o;风琴顶部缺了一个盖板，爸爸找做木匠的朋友重新配了一个，就这样，我又可以快乐地弹奏风琴了。
o;高速磁悬浮列车运行时与轨道完全不接触。它没有轮子和传动机构，列车的悬浮、导向、驱动和制动都是利用电磁力来实现的。
o;黄河东西跨越 23 个经度，南北相隔 10 个纬度，流域内地形和地貌变化很大。
o;这个石灰岩洞穴内的钟乳石，质地纯净、形态完美，具有很高的研究价值，应当予以保护。
x;一首好的曲子往往会令我们感动得热泪盈眶，原因之一，就是因为它能勾起我们对往事的回忆。
o;骆驼的驼峰里贮存着脂肪，在缺少食物的时候，这些脂肪能够分解成它所需要的养分，以维持其生存。
o;北京天桥，是老北京民俗文化的发源地与聚集地，也一直是北京首屈一指的演艺集聚区。
o;人对色彩的识别程度要大于对纹理、形状等的识别程度，所以人们对事物的第一印象首先是从色彩开始的。
o;许多时候，我们不是跌倒在自己的缺陷上，而是跌倒在自己的优势上，因为缺陷常给我们以提醒，而优势却常使我们忘乎所以。
x;进化论的一个观点基本是：在生物进化过程中，适应自然环境的物种得以生存下来，不适应的就被淘汰，这就是所谓的“优胜劣汰，适者生存”。
o;今年冬天的平均气温创近 28 年来新低。
x;有没有坚定的信念，是成功的先决条件。
o;他的许多作品都在全国美术家展览会上展出过。
o;这次上岗前的集中培训，使他们的专业技能得到了提升。
o;满载旅客的列车飞一般地驶向偏远的山区小站。
o;所谓亚健康状态，是指介于健康与疾病之间的状态。
x;经过显微镜，我们可以清楚地看到肉眼看不见的微生物。
o;喜帖，是即将结婚的新人所印制的邀请函，又称为喜柬。
o;本次航班全程禁烟，在飞行途中请不要吸烟。
o;对不起，您拨打的电话是空号，请查证后再拨。
x;离开家乡许多年了，没想到这里翻天覆地发生了变化。
o;张教授非常喜欢书法，业余时间经常练习，毛笔字写得很漂亮。
o;梯田的通风透光条件较好，有利于作物的生长。
x;五彩缤纷的焰火在夜空中组织了一幅美妙无比的图案。
o;灰黑色的鸬鹚整齐地站在船舷上，像列队的士兵在等待命令。
o;“西湖醋鱼”是杭州传统名菜，鱼肉鲜美，味道酸甜，别具特色。
o;任何事情做到恰到好处才是最好的，过和不及皆不可取。
o;“坐井观天”是指在井底看天，比喻眼光狭小，看到的有限。
o;真正的强者，不是没有眼泪的人，而是含着眼泪依然奔跑的人。
x;西藏温暖的阳光、巍峨的雪山、雄伟的冰川无一不是吸引游客来的。
o;每年农历八月十八前后，是观赏钱塘江大潮的最佳时间。
o;一般来说，智力超常的人和智力落后的人在人群中都只占少数。
x;雨花石天然细腻的花纹，玲珑剔透的质感，被誉为“石中皇后”。
o;北京作为六朝古都，遗有大量寺庙，有“寺庙之多甲天下”之说。
o;金庸、古龙、梁羽生被认为是中国武侠小说的三大宗师。
o;孔雀鱼性情温和，繁殖力强，是最容易饲养的一种热带淡水鱼。
o;人生需要不断地总结，这样才能把有益的东西积累起来，完善自我。
x;第二天，世界各大报纸都做了详细报道对这起震惊国际体坛的事件。
o;浪漫主义常用热情奔放的语言、瑰丽神奇的想象和夸张的手法来塑造形象。
o;和田玉是一种由微晶体集合体构成的单矿物岩，含极少的杂质，是玉石中的高档品。
x;由于大量的酒精会杀死脑神经细胞，所以长期饮酒会导致记忆力减退，还有可能引发各种疾病的可能性。
o;30岁那年，三毛来到撒哈拉沙漠，并记录下与爱人在那里生活的点点滴滴，写成了《撒哈拉的故事》一书。
o;婚姻是需要经营的，就像跳双人舞，需要有人进、有人退，互相配合，动作才会默契。
o;大学毕业生缺少工作经验是很正常的，管理者更看重的是他们对工作的投入度和专注度。
o;幸福就是坚持了应该坚持的，放弃了应该放弃的，珍惜现在拥有的，不后悔已经决定的。
x;花样游泳原为游泳比赛间歇时的水中表演项目，从而逐渐融入音乐和舞蹈，成为一项优美的水上竞技运动。
o;据悉，此次展览将持续至 9 月 23 日，是历年来在福州举办的古代文物展中级别最高的。
o;本站将于 5 月 18 日 22：00 至 23：30 进行网络设备维护，在此期间暂停服务。不便之处，敬请谅解。
o;鼎有三足，可直接置于地面，做饭时将木柴放在腹下燃烧就行。不少鼎出土后，腹下有烟熏火燎的痕迹，就是这个原因。
x;孔子之所以提倡“因材施教”的原因是因为每个人的想法和接受能力都不同，所以，老师应根据学生的特点，有针对性地教学。
o;谢谢您的惠顾，欢迎下次再来。
o;蓝鲸是地球上现存体积最大的动物。
x;经过治疗，儿子的病已经恢复了健康。
o;牛奶加热时间越长，钙成分流失得越快。
o;冬虫夏草是一种极其名贵的中药。
o;在那座北方小城中，我父亲无疑是名医了。
x;看到他在网上给我的留言后，让我深受鼓舞。
o;他从事地质勘探行业将近30年了，经验很丰富。
o;她说这是她入行以来拍得最辛苦的一部电影。
x;专家建议，每天佩戴隐形眼镜的时间超过 8 小时不宜。
o;今年春节期间国内机票价格有所下降，同比降幅达 6.1%。
o;做事要善始善终，有个好开头并不难，关键还要坚持到最后。
o;害怕危险的心理比危险本身还要可怕一万倍。
x;虽然他们之间有时也会小矛盾，但相处得还算融洽。
o;凡在本店购物满 500 元者，均可获赠一份精美礼品。
o;湖中的鱼儿不时来个“跳龙门”，跃出水面画个弧线又落回水中。
x;智能手机扩大了微博等社交媒体工具的普及速度。
o;北京自然博物馆的古生物大厅里，陈列着一具大象的骨架。
o;如不定时吃饭，不仅会营养不良，还可能引起多种胃肠道疾病。
o;臭氧层像一道屏障，保护着地球上的生物免受太阳紫外线的袭击。
o;梨羹是老北京常见的冬日小食，具有润肺化痰、生津止咳之功效。
o;影响一个人快乐的，有时并不是困境或磨难，而是一个人的心态。
x;有人说：“有两种东西，即便失去才知道可贵：一是青春，一是健康。”
o;碱性电池与普通干电池相比，具有耐用、储存寿命长、不易腐蚀等优点。
x;《雨巷》是戴望舒的成名作，因此获得了“雨巷诗人”的称号。
o;过去再精彩，我们也无法走回去；未来再艰险，我们也要向前走。
o;水是生物体最重要的组成部分，在生命演化过程中起到了重要的作用。
o;天空中的霞光渐渐淡了下去，深红的颜色变成了绯红，绯红又变为浅红。
o;成语“东山再起”常用来形容一个人退隐后再度出任要职，也比喻失势后重新得势。
o;黄鹤楼始建于公元 223 年，最初是用做军事瞭望楼，后来才成为人们登高揽胜的地方。
o;制作一把精美的小提琴，木料的选择很关键。匠人们在选择木料时，非常在意树木的年轮。
x;鸟类在迁徙期最容易受人工光源的干扰。它们原本是以星星定向的，城市的照明光却常常被它们迷失方向。
x;苏洵，北宋文学家，与其子苏轼、苏辙合称“三苏”，均被列入“唐宋八大家”之一。
o;含羞草的叶子在受到外物触碰后会立即闭合，这个动作被人们形象地理解为“害羞”，故得名。
o;受冷空气影响，7 日夜间到 8 日白天，我省大部分地区会出现降雪天气，其中张家口、保定有中到大雪。
o;我在故乡只生活了14个年头，对于故乡的记忆好像只有那条平直的沙黄色土路和在那土路上蹒跚着的母亲的身影。
o;腊梅并非梅类，因其形似梅花，且与梅花花期相近，所以很多人将腊梅当做梅花。
o;现场工作人员介绍说，此次焰火晚会的每一个章节都有各自的特色，充分展现了长春独特的冰雪文化。
x;中国古代的青花瓷，绘画装饰清秀素雅，图案款识种类繁多，每个时期的款识都有鲜明的时代特征明显。
o;有社会心理学家认为，说谎的动机大致可归为三类：第一类，讨人欢心；第二类，夸耀自己；第三类，自我保护。
o;他们的产品物美价廉，很受欢迎。
o;我出生在山东省高密县一个偏僻的山村里。
o;昆曲是中国传统戏曲中最古老的剧种之一。
x;运动前的热身可以有效地防止人们在运动中不受伤。
o;红茶可以帮助肠胃消化，增进食欲。
x;黑木耳香脆爽滑，鲜嫩可口，是食药兼用。
o;您访问的域名有误或页面不存在，请尝试重新输入。
o;西山八大处位于北京市西山风景区，是8座寺庙的总称。
o;这件事已经十分清楚了，无须再讨论了。
o;不及时回短信，其实是一种怠慢别人的行为。
x;寂寞是一块儿试金石，可以试出一个人意志坚韧是否。
o;如果您有任何疑问,请随时与我们联系,我们将竭诚为您服务。
o;名著是经时间筛选而留下的硕果，是古今中外文化的精华。
o;敬业不应被看做是一种境界，而应是从业者必备的基本素质。
o;对不起，您拨打的用户暂时无法接听，将为您转接至语音信箱。
x;《古文观止》自问世以来,广为遗传,至今仍不失为一部有价值的选本。
o;历史是人写出来的，我们所走的每一步都是在书写自己的历史。
x;专家建议，求职者谨慎的态度找工作是对的，但也不可过于挑剔。
o;藏族的毛织技艺有着悠久的历史，其制品以围裙和地毯最为著名。
o;这里已发现的木本植物有517种，有“活化石”之称的银杏比比皆是。
o;同学们纷纷在留言簿上给老师留言，表达他们对老师的祝福。
o;微笑是一种国际通用的语言，不用翻译，就能打动人们的心弦。
x;狮子每天要睡 20 个小时左右，因而它在捕食猎物时会消耗大量体力。
o;世上最珍贵的东西不是“得不到的”和“已失去的”，而是眼前的幸福。
o;室内色彩除了会对视觉产生影响，还会影响人们的情绪和心理。
o;吴起变法虽然失败了，但它却在楚国贵族政治中激起了巨大的波澜。
x;它是把事件的结局先写出来，然后再按时间顺序叙述事情的经过叫倒叙。
o;中暑时应到阴凉通风处休息，或用冷水、酒精降温，必要时应尽快就医。
o;一个人最难得的是平常心，得而不喜，失而不忧，内心宁静，则幸福常在。
o;研究表明，当沙漠地表植物覆盖率达到 40%的时候，就不会出现扬沙天气了。
o;中国自古就有“以茶治病”的历史，古代民间用茶治疗糖尿病、伤风等疾病的记载甚多。
x;可燃冰是海底极具价值的矿产资源，它有望被取代煤、石油和天然气，成为21世纪的新能源。
o;据记载，世界上第一盏红黄绿三色、四方向的交通信号灯是在 1920 年投入使用的。
x;女人似乎天生就是感性动物，她们对色彩、形状、声音的敏感度普遍高于男性之上。
o;小提琴音色优美，音域宽广，表现力强，为人们所钟爱，被称为西洋乐器中的“王后”。
o;成语是人们长期以来习用的、简洁精辟的固定短语，它承载着博大精深的中华传统文化。
o;孩子们喜欢探寻这个世界，而且总能提出千奇百怪的问题，这些问题看似天真，却闪烁着智慧的光芒。
x;当你处于某种强烈的情绪状态的情况，不要急着做决定，因为此时做的决定很可能会让你在冷静时后悔。
o;千岛湖景区总面积达 982 平方公里，其中湖区面积 573 平方公里，因湖内拥有星罗棋布的 1078 个岛屿而得名。
o;“穿越小说”是网络文学的一种，其主人公由于某种原因从自己所在的时空转换到另外的时空，故事情节也由此展开。
o;笑声如阳光，能驱走人们脸上的冬天。
x;保持年轻的之一秘诀是拥有健康的心态。
o;网站正在维护中，如有不便，敬请谅解。
o;世上没有令人绝望的处境，只有对处境绝望的人。
o;四川省计划今年新增三条国际直飞航线。
x;春天来了，到处是呈现出一片生机勃勃的景象。
o;您好，您拨打的电话正在通话中，请稍后再拨。
o;专家建议，两岁以下的儿童尽量不要接触电子产品。
o;火龙果热量低、纤维高，深受减肥人士的喜爱。
o;竹楼是傣族传统的建筑形式，有利于防酷热和湿气。
o;时间如同一位慈母，可以帮助我们抚平心灵的创伤。
x;通过载人航天技术的发展水平，体现了一个国家的综合实力。
o;生长在野外的长尾鸡，尾羽每年能增长一米左右。
x;任何每一个障碍，都有可能成为一个超越自我的契机。
o;西溪湿地距离杭州西湖 5 公里，是罕见的城中次生湿地。
o;移动广告的增长速度远远超过了其他广告形式，具备强劲的发展潜力。
x;青蛙因经常吃害虫农田里的而被人们称为“庄稼的保护神”。
o;这次展出的齐白石的画作包括了他各个时期的花鸟山水精品。
o;行书是介于楷书和草书之间的一种字体，工整清晰，实用性高。
o;据统计，人类常见的疾病有135种，其中106种与维生素摄取不足有关。
x;蔬菜要尽可能现炒现吃，逃避长时间保温和多次加热。
o;近期新车优惠少，观望客户较多，市场上出现了持币待购现象。
o;“满月酒”是中国父母为庆祝自己的孩子出世满一个月而设的宴席。
o;他迷恋昆虫研究，曾用自己的积蓄买了一块儿荒地，专门用来放养昆虫。
o;手指肚上有许多整齐又有规律的图形，这就是人们常说的“指纹”。
o;这种设计，既能减弱流水对桥身的冲击力，又能减轻桥自身的重量。
o;月亮反射的太阳光只有 7%能到达地球，但已足够照亮地球上的黑夜。
x;一个人要有主见，要具备判断是非的能力，更不会被别人的意见所左右。
o;好的摄影师能够把日常生活中稍纵即逝的平凡事物转化为不朽的视觉图像。
o;现实是此岸，理想是彼岸，中间隔着湍急的河流，行动则是架在河上的桥梁。
x;早在原始社会末期，人们就在石头或崖壁上刻画符号的方法用以记事，这就是碑的起源。
o;卧室里浓烈的色彩会刺激人的神经，让人过度兴奋，不利于人较快地进入深度睡眠状态。
o;南京林业大学的一名学生设计了一种自动穿衣架，可帮那些手脚不便的人轻松穿上衣服。
o;南锣鼓巷全长 786 米。以南锣鼓巷为主干，向东西各伸出对称的八条胡同，呈鱼骨状，俗称蜈蚣街。
o;凡是妨碍到人们正常休息、学习和工作的声音，以及对人们要听的声音产生干扰的声音，都属于噪声。
x;鲜花饼是一款以云南特有的食用玫瑰花入料的酥饼，是以凭“花味、云南味”为特色的云南经典点心的代表。
o;《子不语》是清朝著名文学家袁枚撰写的一部笔记小品，多记述奇闻异事、奇人鬼怪。
x;森林能有效地保护生物的多样性，目前地球上已知的生物一半儿以上有在森林中栖息繁衍的。
o;紫丁香盛开时，硕大而艳丽的花序布满全株，芳香四溢，观赏效果甚佳，是庭园裁种的著名花木。
o;传统观念认为动画片的受众仅仅是儿童，但目前越来越多的公司开始推出适合不同年龄受众的多元化产品。
x;秦始皇兵马俑是在 1974 年发现了。
o;正方形是四条边等长、四个角相等的四边形。
o;冬冷夏热，四季分明，是温带气候的显著特点。
o;正像世界上没有两片完全一样的树叶，每个人也是独一无二的。
o;未来一周我国将出现大范围雨雪天气。
o;生姜具有暖胃驱寒的功效，是很好的保健食材。
x;已经 10 点了，我估计他今天一定不会来参加会议了。
o;小孩子的模仿能力很强，所以成人在小孩子面前要注意自己的言行。
o;在家人的照顾下，他很快恢复了健康。
o;保持好的心情，关键是要有一个好的心态。
o;商业广告显然不同于公益广告，因为它带有明显的功利色彩。
x;为了防止今后不再发生类似的事件，有关部门及时完善了管理措施。
x;妈妈把茶几擦得一尘不染得干净。
o;笔画多的字写起来麻烦，可是认起来未必难。
o;锻炼的时候运动量要适当，以免对身体造成伤害。
o;陶渊明流传下来的诗歌大约有120首，另外还有散文、辞赋多篇。
o;农历九月九日，为中国传统的重阳节。
o;对于幸福的含义，每个人都有不同的理解。
x;由于自然资源匮乏，该个国家的主要工业原料均依赖进口。
o;这种星系没有一定的形状，也没有明显的中心，所以被称为不规则星系。
x;生活是一把镜子，你对它微笑，它也对你微笑。
o;窗花是一种剪纸艺术品，在中国民间已有上千年的历史。
o;一个人的快乐，不是因为他拥有的多，而是因为他计较的少。
o;臭氧层就好比是地球的“保护伞”，阻挡了太阳99%的紫外线辐射。
o;中国画基本上可以分为三类：人物画、山水画、花鸟画。
x;河水的来源除了地下水之外，还有雨水也是它的来源之一。
o;很多人都同意的不见得就是对的，真理往往掌握在少数人手里。
o;《三字经》自南宋以来，已有700多年历史，可谓家喻户晓，脍炙人口。
o;北京烤鸭这个有着近 150 年历史的北京名吃，如今已成为世界闻名的美食。
x;报告说，该公司第四季度赢利达 18.6 亿元，十分超出了分析人士此前的预期。
o;作为中国十大传世名画之一，《清明上河图》生动地记录了中国十二世纪城市生活的面貌。
o;幽默的确是一个很有魔力的东西，拥有了它，我们与别人的交谈就会变得更有味道，相处也会变得非常融洽。
o;人人都需要关爱，关爱能增近两个人的感情，拉近两个人的距离。但是，这种关爱的前提是适度。
o;人们在财务困境中挣扎的一个原因是：他们在学校里学习多年，却没有学到任何关于金钱方面的知识。
o;1940 年 11 月 27 日出生的李小龙，虽然不是最早进入好莱坞的华人，却是最早成为国际巨星的功夫演员。
x;作为一名翻译工作者，一方面要努力学好外语，一方面要学好本民族语言也是非常重要的，两者缺一不可。
o;地球上的生命有 30 多亿年的发展史，其中 85%以上的时间是在海洋中度过的。
o;经过长期的实践，中国建筑在运用色彩方面积累了丰富的经验，并形成了南北不同的地域色彩风格。
o;人的精力是有限的，我们不可能一个人做所有的事，所以作为一个企业领导，必须学会把权力授予适当的人。
x;南京，古称金陵，已有近2500年的历史。她既有自然山水之胜，又有历史文物之雅，兼具古今文明的园林化城市。
o;请严格按照使用说明来操作机器。
o;您放心，我们会尽快给您一个答复的。
x;我的抽屉里堆满了旅游时买了各种纪念品。
o;第17届中国国际软件博览会将在本周四举办。
o;彝族的传统节日以火把节最为隆重。
x;这项活动的意义，在于呈现人们的环保意识。
o;地球是迄今为止所发现的唯一适合人类生存的行星。
o;镇江恒顺香醋始创于1840年，为中国四大名醋之一。
o;高原地区空气稀薄，紫外线十分强烈。
o;真诚待人是人际关系得以维持和发展的保证。
x;感谢您的来电，请您稍后进行评价对本次服务，谢谢。
o;茯苓是一种无色无味的中草药材，具有养颜和滋补的功效。
o;针对这一突发事件，公司及时采取了应对措施。
x;人要学会控制自己的欲望，而不应当把欲望所支配。
o;空气、水、能源和土地，是人类赖以生存的基本要素。
o;他对昆虫进行了长达30年的观察，揭开了昆虫世界的许多奥秘。
o;他们离开大城市后，在一个宁静的乡村定居了下来。
o;随着数码相机的日益普及，传统的胶卷相机正逐渐退出市场。
o;接受了 4 年正规的声乐训练后，他对声音的驾驭更得心应手了。
x;有时我们难免要对生活做出妥协，而且一些基本原则永远不能放弃。
x;他将这次演唱会的门票收入全部捐献一家儿童医院。
o;对艺术的理解虽因人而异，但真正的艺术品总能得到一致的赞许。
o;她戴着一顶别致的帽子，穿着一件蓝色的连衣裙，看上去漂亮极了。
o;由于空气对光的散射作用，日出和日落前后，天边常会出现绚丽的彩霞。
o;俗话说聚沙成塔，看似不起眼的小工作可能正是大事业的开始。
o;那一刻，观众席上鸦雀无声，所有人都被他的精彩表演吸引住了。
o;工作间隙做些转颈、后仰的简单运动，可以有效缓解颈部肌肉的疲劳。
x;现代医学研究表明，22时到凌晨4时是人体免疫系统、造血系统最旺盛。
x;新春佳节，每个家家户户张贴大红春联，给节日增添了不少欢乐祥和的气氛。
o;依托于电子商务平台，家具行业有了新的营销模式，满足了大批年轻人的购买需求。
o;时间像倒在掌心里的水，无论你摊开还是握紧，它总会从指缝间一点一滴地流淌干净。
o;天然的玛瑙冬暖夏凉，人工合成的则会随外界温度的变化而变化，天热它也热，天凉它也凉。
o;电子书不需要用纸，比较环保，且携带方便，容量大，因此深受人们的喜爱。
o;这部影片生动地展现了帝企鹅这一可爱而又坚强的物种与严酷的自然环境做斗争的过程。
o;幸运之神的降临往往是因为你多坚持了一会儿，多迈出了几步，多找了一条路，多拐了一个弯。
x;“口头禅”是一个人的习惯用语。它的形成跟使用者的性格、生活经历有关系很大，可以算是一个人的标志。
o;人类从河流、湖泊、含水土层和湿地取来的水，74%用于农业，18%用于工业，8%用于生活。
o;蜘蛛结网可能逮不到昆虫，但蜘蛛不结网就永远逮不到昆虫。努力可能没有回报，但不努力一定没有回报。
o;香菜富含香精油，香气浓郁，但香精油极易挥发，且经不起长时间加热，所以香菜最好在食用前加入，以保留其香气。
x;海参全身的骨头多达2000万块儿，但这些骨头极小，用肉眼从来看不见，要在显微镜下放大几十倍甚至几百倍才能看见。
o;梁羽生是公认的新派武侠小说的开山祖师。
o;牡丹别名木芍药，是花中之王，素有“国色天香”之称。
x;为了避免今后不再发生类似事故，我们必须尽快健全安全制度。
o;拉萨的天空总是那么湛蓝、透亮，好像用清水洗过的蓝宝石一样。
o;机会总是留给有准备的人，有准备才能及时抓住机会。
o;他选择了自己喜欢的职业，并成为了这个领域中的专家。
o;据鉴定，这幅画出自著名画家齐白石之手，有着极高的收藏价值。
x;“地球村”之所以能成为现实，主要出于互联网技术的迅猛发展。
x;我总是能从父母得到鼓励和支持。
o;蜂鸟是世界上已知的最小的鸟类。
o;《西游记》是在民间流传的唐僧取经故事的基础上写成的。
o;倾听别人谈话，对我来说是获得某种知识、经验和思想启迪的机会。
x;通过这次活动，使我们开阔了眼界，增长了见识。
o;一提起健身，很多人马上就会想到设施齐全的健身房。
o;避讳是中国古代社会的一种习俗，也是一种特有的文化现象。
o;在危险情况下人的嗅觉会变灵敏，并向大脑发出避开危险的“警报”。
o;何教授的调查经媒体报道后，引起了社会的广泛关注。
x;他这个人除了有点儿固执之外，还有不少让人值得佩服。
o;医院坐落在小山之上，是一座典型的中国古代园林式建筑。
o;那里是休闲度假的好地方，更是难得的天然浴场，吸引着大量游客。
o;这项工程至少需要 10 年才能完工。
x;在年降雨量少于 500 毫升的地区不能种树，但只能种草。
o;经验多固然是好事，但如果一个人只靠经验工作，也是不行的。
o;世界各国的人口寿命数据表明，女性的平均寿命要比男性长7年。
o;中国画基本上可以分为三类：人物画、山水画、花鸟画。
x;河水的来源除了地下水之外，还有雨水也是它的来源之一。
o;很多人都同意的不见得就是对的，真理往往掌握在少数人手里。
o;《三字经》自南宋以来，已有700多年历史，可谓家喻户晓，脍炙人口。
o;书画鉴定是一门综合学科，要求鉴定家有非常全面的学识和很高的艺术造诣。
o;面对逆境，是随波逐流，还是奋起抗争？强者懂得支配环境，而弱者往往受制于环境。
o;有的花在春天盛开，有的花在夏天怒放，只有梅花在寒冬中绽放，凌霜傲雪，香气袭人。
x;实践表明，一个国家森林的覆盖率达到全国总面积30%以上，或者分布均匀时，就不会发生较大的风沙旱涝等自然灾害。
o;我们做事要做到“恰到好处”，任何事情恰到好处才是最好的，过与不及都不好甚至有害。
o;自古以来，江浙一带就是有名的“才子之乡”，明清两朝一共产生了 202名状元，仅苏州地区就有 35 名。
o;对于工作繁忙的人来说，时间似乎总是不够，因此如何合理安排、控制时间成为许多人需要学习的内容。
x;怀疑自己，导致我们内心受挫，总是生活在失败的阴影里；怀疑别人，则缺乏安全感让我们，总是生活在自己假想的危险中。
o;地球上的生命有 30 多亿年的发展史，其中 85%以上的时间是在海洋中度过的。
o;经过长期的实践，中国建筑在运用色彩方面积累了丰富的经验，并形成了南北不同的地域色彩风格。
o;人的精力是有限的，我们不可能一个人做所有的事，所以作为一个企业领导，必须学会把权力授予适当的人。
x;南京，古称金陵，已有近2500年的历史。她既有自然山水之胜，又有历史文物之雅，兼具古今文明的园林化城市。
x;那就是我的理由为什么我想提拔他。
o;电脑的发明给人们的生活带来了很大的便利。
o;直到今天，人类还不完全清楚恐龙灭亡的原因。
o;现代社会交通是衡量一个城市甚至一个国家发达程度的重要标准。
o;树木不但能提供氧气，而且是造纸的原料。
o;桔子、苹果、香蕉等水果含有丰富的维生素。
x;电影的发明，让人们第一次可以真实地实现活动的生活场景。
o;长期从事一种工作会让人感到无聊，而无聊会让身体感到疲惫。
o;认真倾听对方的话是交谈时最基本的礼貌。
x;语言的使用，促进了人类的思维，使得大脑更加发达。
o;在人类所患的各种疾病中，再没有比感冒更常见的了。
o;自古以来，中国就是一个崇尚玉器的国家，对玉有着特殊的情感。
o;以海洋资源为依托的海洋产业具有广阔的市场前景。
o;多年来，京郊旅游一直在北京旅游业中占有重要地位。
o;那种拔苗助长式的教育方式必会造成对孩子身体和心灵的双重伤害。
x;他的见解独到而且深刻，常应邀到许多高校发表演讲，深受学生欢迎。
x;台风给沿海居民的生活造成了很大的损失严重。
o;语文学习不是一朝一夕的事，只有多读多写，才能真正学好语文。
o;因为第一印象是最初的感觉，所以新鲜，引人注目，也容易记住。
o;生命不是一场赛跑而是一次旅行。比赛在乎终点，而旅行在乎沿途风景。
o;这项工程至少需要 10 年才能完工。
x;在年降雨量少于 500 毫升的地区不能种树，但只能种草。
o;经验多固然是好事，但如果一个人只靠经验工作，也是不行的。
o;世界各国的人口寿命数据表明，女性的平均寿命要比男性长7年。
o;作为一名军人的妻子，她多年来一直默默地支持他的工作。
o;十位评论家对一本书的赞扬，都比不过一位书店老板对这本书的欣赏。
x;这座桥修建于公元 612 年至 618 年，到现在已有快 1400 多年的历史了。
o;烧鱼时放一点儿醋，可以去腥。有些菜加醋后，更有风味，能增进食欲。
o;书画鉴定是一门综合学科，要求鉴定家有非常全面的学识和很高的艺术造诣。
o;面对逆境，是随波逐流，还是奋起抗争？强者懂得支配环境，而弱者往往受制于环境。
o;有的花在春天盛开，有的花在夏天怒放，只有梅花在寒冬中绽放，凌霜傲雪，香气袭人。
x;实践表明，一个国家森林的覆盖率达到全国总面积30%以上，或者分布均匀时，就不会发生较大的风沙旱涝等自然灾害。
o;丝绸之路的开辟，有力地促进了东西方经济、文化等各方面的交流与合作。
o;景泰蓝是燕京八绝之一，由于它的釉料颜色以蓝色为主，并且最初兴盛于明景泰年间，故称为景泰蓝。
x;《富春山居图》是元朝画家黄公望的作品，以浙江富春江为背景，墨色浓淡干湿并用，极富于变化，是中国十大传世名画。
o;冬至，是中国农历中一个非常重要的节气，也是中华民族的一个传统节日。这一天是北半球全年中白天最短、夜晚最长的一天。
o;紫荆花性喜温暖，易于繁殖，被香港人视做“繁荣、壮观、奋进”的象征。
x;在景色优美的园林中散步，有助于消除长时间工作带来的紧张和疲乏，并且脑力、体力得到恢复。
o;含羞草稍被触摸，叶子就会自然地收缩起来，即使一阵风吹过，也会出现这种情形，就像一个害羞的少女一般。
o;从根本上说，科技的发展，经济的振兴，乃至整个社会的进步，都取决于劳动者素质的提高和大量合格人才的培养。
x;7 月的内蒙古草原，是一个美丽的季节。
o;“位”不是一个普通的量词，它还含有敬重的意思。
o;一个志存高远的人，必定将追求优秀作为自己的人生目标。
o;心胸狭窄的人就像显微镜，将小事过分放大，大事却看不见。
o;在怎样获得快乐这个问题上，孩子有时是我们的老师。
x;书中的经验和知识对我们来说取之不尽、用之不竭的源泉。
o;我祖籍江苏无锡，再上两代是江苏武进，就是今天的常州。
o;生活中没有“删除”键，好的、坏的都是你人生的一部分，要学会珍惜。
o;顾客可以通过浏览我们的网站选择所需要的商品。
x;太阳能设备不用燃料，安全卫生，因为不会带来污染。
o;世界小麦种植的总面积，居粮食作物种植总面积的第一位。
o;作为一名管理者，你可以不知道下属的缺点，却不能不知道下属的长处。
o;光线太强或太弱，都容易使眼睛感到疲劳。
o;这是一个专门教你怎么制作网页的免费网站。
x;一般情况下，敬酒一定要充分考虑好敬酒的顺序，分明主次。
o;世界上没有完全相同的两片树叶，更没有完全相同的两个人。
o;拥有资源的人不一定能成功，善用资源的人才会成功。
o;晚唐诗人中，诗歌成就最高的，是擅长写爱情诗的李商隐。
x;有些植物的花朵因吸收金属元素而改变颜色，这也能成为找到地下矿藏。
o;今天是上海世博会开园后的第三个周六，参观人数达到开园以来最高峰。
o;简单的生活，无论对身体还是精神，都大有裨益。
o;第十届国际马拉松赛报名时间将于本月 12 号截止。
o;对语言的应用，应该力求用最经济的方式，表达最丰富的内容。
x;每个人都需要表露自己的情绪：如喜怒哀乐忧惧等，尤其孩子如此。
o;早饭一定要吃，因为它可以帮助你维持血糖水平的稳定。
o;当人的注意力不集中时，就会下意识地眨眼，以减少进入大脑的信息。
x;据预测，明年第二季度国际市场的原油日需求量将减少 250 万桶以内。
o;豆浆是中国人十分喜爱的一种饮品，它营养丰富，又被称做“植物奶”。
x;在她的心目中，童年跟大自然相处的那段日子是自己受过的最好的艺术教育。
o;地球上最宽阔的是海洋，比海洋更宽阔的是天空，比天空更宽阔的是人的胸怀。
o;颐和园是一座环境幽雅、建筑精美、举世闻名的古典园林，它是中外游客到北京的必游之地。
o;登山之前要掌握一些登山的知识，而且还要准备好登山的装备，这样才能更好地应对意外情况。
o;冬季停车要注意选择地点，尽量避开坑洼潮湿处，以免积水结冰，冻住车轮。
o;按照中国农历，“立夏”代表着夏季来临，不过由于中国幅员辽阔，各地入夏的时间并不一致。
x;卷心菜可以说是所有的蔬菜中最为古老的一种，我们知道古时候的人就已经很久以前一直在吃它了。
o;初次见面，能说出对方姓名，并说一两句恭维话，可以给对方留下好印象。不过，恭维不能过头，说多了会令对方觉得你世故、虚伪。
o;一口整洁的牙齿，不仅是身体健康的标志，还能使人在社交场合充满自信。
o;你努力了，不见得能得到你想要的成功。但在努力的过程中，你一定会有所获得。
x;胶片的发明催生了另外一个改变人类记录方式的事物的产生带来很大影响，那就是电影。
o;节日期间，各星级饭店纷纷推出特色餐饮和特惠措施，吸引大量市民走进饭店欢度佳节。
o;创新并不拒绝模仿，模仿是创新的基础。
x;不管大家强烈反对，他仍然坚持自己的意见。
o;镜子只能照出你的外貌，而生活却能照出你的心灵。
o;他去年刚从学校毕业，所以应该说不如其他设计师经验丰富。
o;即使是天才，缺少了勤奋的汗水也难以取得成功。
x;你不努力学习，那怎么可能有好的成绩是可想而知的。
o;大多数人想要改造这个世界，但却很少有人想改造自己。
o;世界杯期间，一些公司采取了人性化的措施，将上班时间延后一小时。
x;有没有坚定的意志，是一个人在事业上能够取得成功的关键。
o;作为倾诉对象，我们不需要发表自己的观点，认真倾听就够了。
o;有一位哲学家曾经说过：“金钱是最好的仆人，也是最坏的主人。”
o;人们追逐时尚，不是因为它符合自己的气质，而只是因为大家都是如此。
o;只有在春天，才能看到这种鲜花。
o;你不能左右天气，但你可以尝试改变心情。
x;不但他喜欢京剧脸谱，而且喜欢京剧的各种服饰。
o;羊的胆子很小，遇到点儿响动就会惊慌失措，四下奔逃。
o;许多取得伟大成就的人，都具有刻苦勤奋的精神。
o;到中国旅游的外国游客通常都会将西安列入他们的行程表。
x;这个地区的粮食总产量，除了供给本地区外，还运送给其他地区。
o;参加活动的读者请在2010年9月1日之前，将《读者调查表》寄回本社。
x;你知道，以前我做过推销员三年。
o;创造力与一般能力的区别在于它的新颖性和独创性。
o;蘑菇中有丰富的营养成分，而且热量很低，常吃也不会发胖。
o;真诚不意味着一定要指责别人的缺点，但意味着一定不恭维别人的缺点。
o;世界上第一台监测地震的地动仪是张衡发明的。
x;关于语言方面的能力，我有自信肯定能满意贵方。
o;今天夜间到明天白天，北京大部分地区将会出现大到暴雨。
o;不要轻易去否定一个人的作用和价值，永远不要轻视身边的“小人物”。
o;人生就是这样，没有人为你等待，没有机会为你停留，只有与时间赛跑，你才有可能会赢。
x;今天，我们去了北京郊区的地方，游览了很多著名的景点，如十三陵、青龙峡、黑龙潭等。
o;王永民发明的“五笔字型”汉字输入法，在古老的汉字和现代化电子计算机之间，架起了一座畅通无阻的桥梁。
o;自由职业带来的“自由”是相对而言的，自由职业者虽然可以自主选择工作内容、方式等，却不等于可以随心所欲。
x;互联网的应用给我们的生活带来了巨大的变化，这些变化既有正面的也是负面的。
o;臭氧层好比是地球的“保护伞”，阻挡了 99%的紫外线辐射，保护着地球上的生物。
o;李嘉诚从小受到家庭环境的熏陶，3 岁就开始读唐诗，到小学毕业时，已经能读《红楼梦》《老残游记》《资治通鉴》了。
o;喀纳斯被誉为天山以北最美的地方，其实北国边疆处处是美景，作为单身的背包客，我不时会闯入人们还未曾涉足的人间仙境。
o;杯水车薪，是说用一杯水去救一车着了火的柴草，比喻力量太小，解决不了问题。
o;人可以不美丽，但要健康；人可以不伟大，但要快乐；人可以不完美，但要有追求。
x;昨天下午，温州市瓦市小学的 1000 多名学生十分兴高采烈地参加了学校举行的“包粽子——感受端午节民族传统文化”实践活动。
o;有些儿童文学作品偏重于理性教育，过多地注入了成人的思想，孩子天性中爱游戏、爱求知、爱趣味、爱幻想的成分却被忽略了。
o;只要路是对的，就不怕路远。
o;这儿的冬天一点儿也不冷，下雪天更是罕见。
x;父亲对我要求特别高，他的全部希望寄托我身上。
o;最后，他以领先对手0.1秒的优势成功地闯进了决赛。
o;忘掉失败，不过要牢记失败中的教训。
x;他们昨晚刚办了一个生日宴会，所以屋子里显得很乱糟糟的。
o;积极的人在忧患中看到机会，而消极的人则在机会中看到忧患。
o;毛主席说：我们的目的一定要达到，我们的目的一定能够达到。
o;生活最大的乐趣在于通过奋斗去获得我们想要的东西。
o;为了躲避天敌的追杀，很多动物都具有非常强的伪装能力。
x;我相信贵公司以后不但会在国内，而且会向海外也推广这些产品。
o;琴棋书画，又称“四艺”，是指古琴、围棋、书法、绘画这四门技艺。
o;很多人拥有时不懂得珍惜，当懂得珍惜时，却失去了珍惜的机会。
x;由于计算机技术的普及，为学校开展多媒体教学提供了良好的条件。
o;孙中山铜像总高度为 11.12 米，寓意孙中山先生的诞辰 11 月 12 日。
o;不管鸟的翅膀多么完美，如果不凭借空气，它就永远不能飞到高空。
x;近两年来，这些志愿者积极投入到各项环保活动。
o;刘处长决定明天上午开会讨论这一方案的可行性。
o;今天是我们结婚 10 周年纪念日，我们应该好好庆祝一下。
o;通常，蜜蜂的性格是温和的，只有在感觉受到威胁时，它才会攻击敌人。
o;这个就是最大的，没有比它再大的了。
o;我们要多结交两种人：一是良师，二是益友。
x;北京私人购买汽车的数量已经占到汽车销售总量的将近 80%以上。
o;青海的自然风光雄奇壮美，具有典型的高原特色，民俗风情也独特迷人。
o;营养早餐应包括谷物、肉类、奶类、蔬菜、水果等。
o;中国是茶叶大国，其中的一个表现就是茶的品种特别多。
o;在心存善念的人眼中，世界上没有坏人，只有做错了事情的好人。
x;“胡思乱想”有助于消除工作、生活中的紧张疲劳与放松身心的作用。
o;孔子说“有教无类”，意思是不分贵族、平民，只要有心向学，都可入学受教。
o;聪明的人善于借用别人的智慧来提升自己，从别人那里借用智慧比获得金钱更有意义。
o;经济增长是指一个国家或地区生产的物质产品和服务的持续增加，它意味着经济规模的扩大和生产能力的提高。
x;随着人们环保意识的提高，越来越多的人在购买家电产品时，把节能做重要的衡量标准，绿色家电成为新的时尚选择。
o;如果一个人热爱自己所从事的工作，那么他就会在工作的过程中获得快乐。
o;我家就在海边，小时候，父亲常常带着我到海边散步，一边走一边给我讲故事。
x;除了拥有广告设计文凭外，我还上过一个与旅游有关的课程，相信这些知识对这份工作能有着一定的帮助。
o;现代社会面临的一个重要课题，是如何让低收入阶层从经济的发展中有所收益，如何更有效地保护他们的权益。
o;《孙子兵法》又称《孙子》，成书于公元前五世纪的春秋末期，是中国也是世界上最古老的军事理论著作。
x;我觉得这篇文章已经很不错了，但还存在一些缺点，只有好好修改修改，并把内容充实一下，那就更好了。
o;人的一生中，可以有所作为的时候就是现在，然而，许多人却在悔恨过去和担忧未来之中浪费了大好时光。
o;“远亲不如近邻”，意思是说和邻居关系友好非常重要。在你最需要帮助的时候，也许只有他们可以及时地帮助你。
o;一个人只要真诚，总能打动人。
x;关于母亲的身体健康，他一直很关心。
o;他非常喜欢游泳，每个周末都会去体育馆游一两个小时。
o;树的年轮可以指示方向，年轮宽的一面是南，窄的一面是北。
o;上小学的时候，他就能识别出上百种昆虫。
o;去帮助别人，但不要计较别人能不能、会不会报答你。
o;相传古时候天上有 10 个太阳，后羿射掉了 9 个，剩下一个。
x;我们大约30多年不见面了，但是在机场我还是一眼就认出她来了。
o;那篇小说不太长，我一个小时就看完了。
o;二十四节气是中国古代制定的一种用来指导农业生产的补充历法。
x;虽然所有事情都正在按部就班地进行，但她依然很担心能不能按期完工。
o;健身时要选择合适的场所和舒适的装备，那样才能享受运动带来的乐趣。
o;人生可以没有很多东西，但是不能没有希望。
x;由于剪纸材料和所用的工具决定了剪纸的艺术风格。
o;尽管在科学领域取得了卓越的成就，但从外表上看，他很不起眼。
o;在充满竞争的社会，一个不甘于平凡的人，唯一的选择就是努力和进取。
o;如果发现自己错了，就要马上改正过来。
o;麻雀的翅膀不耐远飞，它的活动范围在 2.5 至 3 千米。
x;中国民间传说数量众大，内容丰富，而且充满艺术魅力。
o;碳酸饮料俗称汽水，是充入二氧化碳气体的一种软饮料。
o;选择适合的企业文化对企业的发展非常重要。
o;随着时代的发展，人们的服饰也在发生着变化。
o;影响一个人快乐的，有时并不是困境及磨难，而是一个人的心态。
x;昨天下班的时候，外面下起了大雨，我一直到晚上8点半才能回到家。
x;故宫旧称紫禁城，是北京最标志性的建筑。
o;少说话，多做事，是初入职场者的“金科玉律”。
o;“五行”指的是金、木、水、火、土五种基本物质。
o;“己所不欲，勿施于人”是说自己不希望得到的，也不要强加于他人。
o;写日记能够健康有效地释放压力，让你从中解脱，变得更加宽容、更富激情。
o;苏州的苏绣、湖南的湘绣、四川的蜀绣和广东的粤绣，被誉为中国的四大名绣。
x;周四之前，你们先把这个问题研究，周四上午，向公司董事会做一个全面的介绍。
o;大量而广泛地阅读古今中外优秀的文学作品，不仅可以增长你的见识，而且能够提高你的表达能力。
x;《绿色通道》这套系列丛书的读者对象主要是面向高一年级的老师和学生。
o;那个女孩子说，舞蹈不一定会成为自己的职业，但它一定会是自己一生的爱好。
o;常去图书馆，随意翻翻，都会有收获。所以，如果大学四年你很少去图书馆的话，就等于浪费了一大笔财富。
o;老鼠适应环境的能力很强，从赤道到两极，都有它们的踪迹。人类只有两三百万年的历史，而老鼠至少有四五千万年的历史了。
o;处于困境中的人，只有从压抑与抱怨中解放出来，才能全力以赴地追求新生活。
o;面对“舍”与“得”两种选择，人们大多会选择“得”，却偏偏忽略了在“得”的同时需要付出代价。
x;尽管夏季烈日曝晒，冬季寒风扫荡，却海洋的温度变化很小。因此，巨大的海洋就像是天然的“温箱”，是孕育原始生命的“温床”。
o;旅行让我们得以观察别人的生活，看电影让我们身临其境般地体验另一种人生。两者的相似之处在于，都是看别人的生活，丰富我们的人生。
o;没过多久，他就学会了骑自行车。
x;从地图上，黄河干流就像一个巨大的“几”字。
o;大多数人想要改造这个世界，却很少有人想过改造自己。
o;据调查，产生心理问题时，选择求医的男性比例明显小于女性。
o;我感觉这段时间身体比以前好多了。
x;这个月公司的业绩是今年以来业绩中最好的一个月。
o;那种不顾儿童能否接受的填鸭式教学方法，无异于拔苗助长。
o;许多成语出自古代寓言故事，比如“狐假虎威”“刻舟求剑”等。
o;世界博览会又简称“世博会”。
o;多食用胡萝卜、大蒜等，可以帮助肝脏排毒。
o;纪晓岚故居位于北京市珠市口，是纪晓岚居住时间最长的地方。
x;跳绳是一项很好的运动，能有效训练人们的耐力和协调力的提高。
o;地质学家们认为，水在地球形成之时就已存在。
x;要想根除田野里的杂草，最好的方法措施就是在上面种上庄稼。
o;呼伦贝尔市总面积 26.3 万平方公里，相当于山东与江苏两省面积之和。
o;有时候，学历只代表一个人受过什么教育，并不能代表这个人能力如何。
o;未来两天，华东和华南部分地区的降水将逐渐减少。
x;在这些教材中，基本可以分为三大类：口语、阅读、写作。
o;葡萄酒中含有多种对人体有益的成分，目前已知的就有 600 多种。
o;孙悟空的筋斗云，哪吒的风火轮，都寄托了人类渴望飞速行进的愿望。
x;去别人家做客，注意不要添别人麻烦。
o;明清两代，在北京经营饭店的主要是山东人。
o;我最欣赏他的勇气，在他眼中，仿佛世界上任何困难都不足为惧。
o;树木年轮宽，说明气候温暖湿润；树木年轮窄，说明气候寒冷干旱。
o;海拔每上升 1000 米，气温下降 6 摄氏度。
o;一个人的交际圈在很大程度上影响着他的消费。
x;有时候，一个人做事比三个人一起做一件事情做起来十分容易。
o;梅兰芳是中国的京剧大师，他的京剧表演艺术独具风格，世称“梅派”。
o;我对她很了解，才华横溢，能写一手好文章，是某出版公司的图书策划编辑。
x;我们应该以一颗平常心来解决可能不很理想的现实，而用一颗进取心去开创美好的未来。
o;我自己做了父亲，才体会到父亲的心情，才惭愧地意识到他其实一直有和我亲近一些的愿望，却被我那么固执地回避了。
o;在一个人需要帮助的时候，你助其一臂之力，那是给他力量。但是，如果给了他太多的帮助，那你就是在削弱他的力量。
x;互联网的应用给我们的生活带来了巨大的变化，这些变化既有正面的也是负面的。
o;臭氧层好比是地球的“保护伞”，阻挡了 99%的紫外线辐射，保护着地球上的生物。
o;李嘉诚从小受到家庭环境的熏陶，3 岁就开始读唐诗，到小学毕业时，已经能读《红楼梦》《老残游记》《资治通鉴》了。
o;喀纳斯被誉为天山以北最美的地方，其实北国边疆处处是美景，作为单身的背包客，我不时会闯入人们还未曾涉足的人间仙境。
o;舞狮子是中国优秀的民间艺术，每逢元宵佳节或集会庆典，民间都以舞狮助兴。
o;常言道“化作春泥更护花”，树叶腐烂后产生的有机质有改善土壤的作用，是树木最好的肥料。
o;真正使你感到疲惫的往往不是一眼望不到顶的山峰，而是在攀登过程中掉进鞋中的一粒沙子。
x;当双方的意见僵持不下时，你就应该明白，再这样下去都没有好处对双方，争取形成一个双方都能接受的方案是最好的选择。
o;她不但相貌出众，而且写得一手好文章。
o;这幅画用丰富的色彩描绘了秋天的丰收景象。
x;这件衣服的样子不是不好看，而是颜色不好。
o;关于中草药，我知道得很少，不过我可以帮你去请教别的朋友。
o;我毕业后的第一份工作是在一家小公司做会计。
o;任何事情总有第一次，不试试怎么会知道结果呢？
o;婚姻不同于恋爱的一点是，婚姻得面对更多的生活压力。
x;是不是好的作品，可以用两个标准去衡量，一个是历史和一个是大众。
x;孩子们正在教练的指导下学习游泳了。
o;他父亲是京剧界的泰山北斗，在中国可谓是家喻户晓。
o;许多作家喜欢在夜晚写作，因为安静的环境更适合创作。
o;逆水行舟，不进则退。你要么一直遥遥领先，要么甘于位居人后。
o;三年前，父亲带我去拜访了他的一位朋友。
o;互联网提供的搜索功能可以让用户更快地找到他们想要的信息。
x;放心吧，你的事就是我的事，我一定会尽量的，下星期三我给你答复。
o;白鹿洞书院是中国四大书院之一，中国历史上的很多名人都曾在此讲学。
o;2 月 9 日夜里，北京终于迎来 2011 年的第一场雪。
x;这本杂志的对象，主要是面向中国留学生及其他汉语爱好者。
o;因为文化差异等因素，《三国演义》是一部翻译难度极高的著作。
o;早在唐代，陆羽的《茶经》中就有关于茶叶分等和品质鉴别方法的记载。
o;元旦晚会上，孩子们表演了自己精心准备的节目。
x;时间是治理心灵创伤的大师，但绝不是解决问题的高手。
o;两年来我一直坚持跑步，不仅是为了减肥，也是为了磨练自己的意志。
o;在图书市场上，将《孙子兵法》应用在工商管理领域的作品并不少见。
o;昆明四季如春，空气清新，是一个适宜居住的城市。
o;关于牛郎织女的传说，中国民间有很多不同的版本。
o;这个年龄段的孩子逆反心理很强，你要注意教育的方式方法。
x;我住院期间，她无微不至，从那时起，我就对她产生了好感。
o;人之不自知，正如“目不见睫”，人可以看见百步以外的东西，却看不见自己的睫毛。
o;在通货膨胀的情况下，如果工人的工资没有相应的提高，他们的生活成本就会增加，生活水平就会下降。
x;宽容是一种为人处世的哲学。只有宽容他人的过错，与人才能建立起良好的人际关系，赢得别人的钦佩与尊敬。
o;“冬至”过节源于汉代，盛于唐宋，沿袭至今。《清嘉录》甚至有“冬至大如年”之说，这表明古人对冬至十分重视。
x;调查显示，多数女性喜欢有责任心、成熟、认真、幽默的男性最受女性欢迎。
o;颜真卿的书法，在魏晋之后开辟了一种新的境界，代表了唐代书法的第二次高峰。
o;这款手表价格便宜，样式特别，还有 5 种不同的颜色可供选择，是这里销量最好的手表。
o;敦煌位于古代中国通往西域、中亚和欧洲的交通要道——丝绸之路上，曾经拥有繁荣的商贸活动。
o;苦瓜虽苦，但与其他食材搭配时并不会将苦味渗入别的材料中，被人们称为“君子菜”。
x;天气的变化，直接影响着动物的生活，往往能及时察觉到天气的变化，并预先做好相应的准备。
o;在中国，酒主要以粮食为原料酿制而成。其中由谷物粮食酿造的酒一直处于优势地位，而果酒所占的份额很小。
o;经研究发现，一个人缓解压力的能力与他的社会经验有关，30岁以下的上班族的减压能力明显弱于资深上班族。
